location_id,parameter,sensor_id
17,co,12234782
17,no,12234783
17,no2,12234784
17,nox,14340713
17,o3,12234785
17,pm10,12234786
17,pm25,12234787
17,relativehumidity,12234788
17,so2,12234789
17,temperature,12234790
17,wind_direction,14340714
17,wind_speed,14340715
50,co,12234791
50,no,12234792
50,no2,12234793
50,nox,14340716
50,o3,12234794
50,pm10,12234795
50,pm25,12234796
50,relativehumidity,12234797
50,so2,12234798
50,temperature,12234799
50,wind_direction,14340717
50,wind_speed,14340718
235,co,12235605
235,no,12235606
235,no2,12235607
235,nox,14340864
235,o3,12235608
235,pm10,12235609
235,pm25,12235610
235,relativehumidity,12235611
235,so2,12235612
235,temperature,12235613
235,wind_direction,14340865
235,wind_speed,14340866
301,co,14258983
301,no,14258984
301,no2,14258985
301,nox,14341789
301,o3,14258986
301,pm10,14258987
301,pm25,14258988
301,relativehumidity,14258989
301,so2,14258990
301,wind_direction,14341790
301,wind_speed,14341791
5404,co,12234697
5404,no,12234698
5404,no2,12234699
5404,nox,14340700
5404,o3,12234700
5404,pm10,12234701
5404,pm25,12234702
5541,co,12234679
5541,no,12234680
5541,no2,12234681
5541,nox,14340697
5541,o3,12234682
5541,pm10,12234683
5541,pm25,12234684
5570,co,12234703
5570,no,12234704
5570,no2,12234705
5570,nox,14340701
5570,o3,12234706
5570,pm10,12234707
5570,pm25,12234708
5586,co,12234764
5586,no,12234765
5586,no2,12234766
5586,nox,14340707
5586,o3,12234767
5586,pm10,12234768
5586,pm25,12234769
5586,relativehumidity,12234770
5586,so2,12234771
5586,temperature,12234772
5586,wind_direction,14340708
5586,wind_speed,14340709
5598,co,12235182
5598,no,12235183
5598,no2,12235184
5598,nox,14340784
5598,o3,12235185
5598,pm10,12235186
5598,pm25,12235187
5598,relativehumidity,12235188
5598,so2,12235189
5598,temperature,12235190
5598,wind_direction,14340785
5598,wind_speed,14340786
5610,co,12234685
5610,no,12234686
5610,no2,12234687
5610,nox,14340698
5610,o3,12234688
5610,pm10,12234689
5610,pm25,12234690
5613,co,12234748
5613,no,12234749
5613,no2,12234750
5613,nox,14341687
5613,o3,12234751
5613,pm10,12234752
5613,pm25,12234753
5613,so2,12234754
5616,co,12234715
5616,no,12234716
5616,no2,12234717
5616,nox,14340703
5616,o3,12234718
5616,pm10,12234719
5616,pm25,12234720
5622,co,12234739
5622,no,12234740
5622,no2,12234741
5622,nox,14341688
5622,o3,12234742
5622,pm10,12234743
5622,pm25,12234744
5622,relativehumidity,12234745
5622,so2,12234746
5622,wind_direction,14341690
5622,wind_speed,14341692
5626,co,12234755
5626,no,12234756
5626,no2,12234757
5626,nox,14340704
5626,o3,12234758
5626,pm10,12234759
5626,pm25,12234760
5626,relativehumidity,12234761
5626,so2,12234762
5626,wind_direction,14340705
5626,wind_speed,14340706
5627,co,12234673
5627,no,12234674
5627,no2,12234675
5627,nox,14340696
5627,o3,12234676
5627,pm10,12234677
5627,pm25,12234678
5630,co,12234721
5630,no,12234722
5630,no2,12234723
5630,nox,14341721
5630,o3,12234724
5630,pm10,12234725
5630,pm25,12234726
5630,relativehumidity,12234727
5630,so2,12234728
5630,wind_direction,14341722
5630,wind_speed,14341723
5634,co,12234709
5634,no,12234710
5634,no2,12234711
5634,nox,14340702
5634,o3,12234712
5634,pm10,12234713
5634,pm25,12234714
5650,co,12234691
5650,no,12234692
5650,no2,12234693
5650,nox,14340699
5650,o3,12234694
5650,pm10,12234695
5650,pm25,12234696
5665,co,12235155
5665,no,12235156
5665,no2,12235157
5665,nox,14340781
5665,o3,12235158
5665,pm10,12235159
5665,pm25,12235160
5665,relativehumidity,12235161
5665,so2,12235162
5665,temperature,12235163
5665,wind_direction,14340782
5665,wind_speed,14340783
6356,co,12235316
6356,no,12235317
6356,no2,12235318
6356,nox,14340817
6356,o3,12235319
6356,pm10,12235320
6356,pm25,12235321
6356,relativehumidity,12235322
6356,so2,12235323
6356,temperature,12235324
6356,wind_direction,14340818
6356,wind_speed,14340819
6358,co,12234773
6358,no,12234774
6358,no2,12234775
6358,nox,14340710
6358,o3,12234776
6358,pm10,12234777
6358,pm25,12234778
6358,relativehumidity,12234779
6358,so2,12234780
6358,temperature,12234781
6358,wind_speed,14340712
6359,co,12234730
6359,no,12234731
6359,no2,12234732
6359,nox,14341689
6359,o3,12234733
6359,pm10,12234734
6359,pm25,12234735
6359,relativehumidity,12234736
6359,so2,12234737
6359,wind_direction,14341691
6359,wind_speed,14341693
6924,co,12235774
6924,no,12235775
6924,no2,12235776
6924,nox,14341933
6924,o3,12235777
6924,pm10,12235778
6924,pm25,12235779
6924,relativehumidity,12235780
6924,so2,12235781
6924,temperature,12235782
6924,wind_direction,14340908
6924,wind_speed,14340909
6929,co,12235042
6929,no,12235043
6929,no2,12235044
6929,nox,14340752
6929,o3,12235045
6929,pm10,12235046
6929,pm25,12235047
6929,relativehumidity,12235048
6929,so2,12235049
6929,temperature,12235050
6929,wind_direction,14340753
6929,wind_speed,14340754
6931,co,12235015
6931,no,12235016
6931,no2,12235017
6931,nox,14340743
6931,o3,12235018
6931,pm10,12235019
6931,pm25,12235020
6931,relativehumidity,12235021
6931,so2,12235022
6931,temperature,12235023
6931,wind_direction,14340744
6931,wind_speed,14340745
6932,co,12235693
6932,no,12235694
6932,no2,12235695
6932,nox,14340882
6932,o3,12235696
6932,pm10,12235697
6932,pm25,12235698
6932,relativehumidity,12235699
6932,so2,12235700
6932,temperature,12235701
6932,wind_direction,14340883
6934,co,12235006
6934,no,12235007
6934,no2,12235008
6934,nox,14340740
6934,o3,12235009
6934,pm10,12235010
6934,pm25,12235011
6934,relativehumidity,12235012
6934,so2,12235013
6934,temperature,12235014
6934,wind_direction,14340741
6934,wind_speed,14340742
6936,co,14233899
6936,no,14233900
6936,no2,14233901
6936,nox,14341893
6936,o3,14233902
6936,pm10,14233903
6936,pm25,14233904
6936,relativehumidity,14233905
6936,so2,14233906
6936,wind_direction,14341894
6936,wind_speed,14341895
6938,co,12235128
6938,no,12235129
6938,no2,12235130
6938,nox,14340778
6938,o3,12235131
6938,pm10,12235132
6938,pm25,12235133
6938,relativehumidity,12235134
6938,so2,12235135
6938,temperature,12235136
6938,wind_direction,14340779
6938,wind_speed,14340780
6953,co,14250040
6953,no,14250041
6953,no2,14250042
6953,nox,14341884
6953,o3,14250043
6953,pm10,14250044
6953,pm25,14250045
6953,so2,14250047
6957,co,12235033
6957,no,12235034
6957,no2,12235035
6957,nox,14340749
6957,o3,12235036
6957,pm10,12235037
6957,pm25,12235038
6957,relativehumidity,12235039
6957,so2,12235040
6957,temperature,12235041
6957,wind_direction,14340750
6957,wind_speed,14340751
6960,co,12235096
6960,no,12235097
6960,no2,12235098
6960,nox,14340769
6960,o3,12235099
6960,pm10,12235100
6960,pm25,12235101
6960,relativehumidity,12235102
6960,so2,12235103
6960,temperature,12235104
6960,wind_direction,14340770
6960,wind_speed,14340771
6978,co,12235191
6978,no,12235192
6978,no2,12235193
6978,nox,14340787
6978,o3,12235194
6978,pm10,12235195
6978,pm25,12235196
6978,relativehumidity,12235197
6978,so2,12235198
6978,temperature,12235199
6978,wind_direction,14340788
6978,wind_speed,14340789
6980,co,12235946
6980,no,12235947
6980,no2,12235948
6980,nox,14340947
6980,o3,12235949
6980,pm10,12235950
6980,pm25,12235951
6980,relativehumidity,12235952
6980,so2,12235953
6980,temperature,12235954
6980,wind_direction,14340948
6980,wind_speed,14340949
6986,co,12235930
6986,no,12235931
6986,no2,12235932
6986,nox,14340941
6986,o3,12235933
6986,pm10,12235934
6986,pm25,12235935
6986,relativehumidity,12235936
6986,so2,12235937
6986,temperature,12235938
6986,wind_direction,14340942
6986,wind_speed,14340943
6988,co,12235939
6988,no,12241382
6988,no2,12241383
6988,nox,14340944
6988,o3,12235940
6988,pm10,12235941
6988,pm25,12235942
6988,relativehumidity,12235943
6988,so2,12235944
6988,temperature,12235945
6988,wind_direction,14340945
6988,wind_speed,14340946
7005,co,12235783
7005,no,12235784
7005,no2,12235785
7005,nox,14340910
7005,o3,12264381
7005,pm10,12235786
7005,pm25,12235787
7005,relativehumidity,12235788
7005,so2,12235789
7005,temperature,12235790
7005,wind_direction,14340911
7005,wind_speed,14340912
8118,pm25,23534
8235,co,12235024
8235,no,12235025
8235,no2,12235026
8235,nox,14340746
8235,o3,12235027
8235,pm10,12235028
8235,pm25,12235029
8235,relativehumidity,12235030
8235,so2,12235031
8235,temperature,12235032
8235,wind_direction,14340747
8235,wind_speed,14340748
8239,co,12235069
8239,no,12235070
8239,no2,12235071
8239,nox,14340761
8239,o3,12235072
8239,pm10,12235073
8239,pm25,12235074
8239,relativehumidity,12235075
8239,so2,12235076
8239,temperature,12235077
8239,wind_direction,14340762
8239,wind_speed,14340763
8365,co,12235078
8365,no,12235079
8365,no2,12235080
8365,nox,14340764
8365,o3,12235081
8365,pm10,12235082
8365,pm25,12235083
8365,relativehumidity,12235084
8365,so2,12235085
8365,temperature,12235086
8365,wind_direction,14341775
8365,wind_speed,14340765
8472,co,12235289
8472,no,12235290
8472,no2,12235291
8472,nox,14340808
8472,o3,12235292
8472,pm10,12235293
8472,pm25,12235294
8472,relativehumidity,12235295
8472,so2,12235296
8472,temperature,12235297
8472,wind_direction,14340809
8472,wind_speed,14340810
8475,co,12235105
8475,no,12235106
8475,no2,12235107
8475,nox,14340772
8475,o3,12235108
8475,pm10,12235109
8475,pm25,12235110
8475,relativehumidity,12235111
8475,so2,12235112
8475,temperature,12235113
8475,wind_direction,14341776
8475,wind_speed,14340773
8915,co,12235119
8915,no,12235120
8915,no2,12235121
8915,nox,14340775
8915,o3,12235122
8915,pm10,12235123
8915,pm25,12235124
8915,relativehumidity,12235125
8915,so2,12235126
8915,temperature,12235127
8915,wind_direction,14340776
8915,wind_speed,14340777
8917,co,12234997
8917,no,12234998
8917,no2,12234999
8917,nox,14340737
8917,o3,12235000
8917,pm10,12235001
8917,pm25,12235002
8917,relativehumidity,12235003
8917,so2,12235004
8917,temperature,12235005
8917,wind_direction,14340738
8917,wind_speed,14340739
10484,co,12235307
10484,no,12235308
10484,no2,12235309
10484,nox,14340814
10484,o3,12235310
10484,pm10,12235311
10484,pm25,12235312
10484,relativehumidity,12235313
10484,so2,12235314
10484,temperature,12235315
10484,wind_direction,14340815
10484,wind_speed,14340816
10485,co,12235051
10485,no,12235052
10485,no2,12235053
10485,nox,14340755
10485,o3,12235054
10485,pm10,12235055
10485,pm25,12235056
10485,relativehumidity,12235057
10485,so2,12235058
10485,temperature,12235059
10485,wind_direction,14340756
10485,wind_speed,14340757
10486,co,12235298
10486,no,12235299
10486,no2,12235300
10486,nox,14340811
10486,o3,12235301
10486,pm10,12235302
10486,pm25,12235303
10486,relativehumidity,12235304
10486,so2,12235305
10486,temperature,12235306
10486,wind_direction,14340812
10486,wind_speed,14340813
10488,co,12235060
10488,no,12235061
10488,no2,12235062
10488,nox,14340758
10488,o3,12235063
10488,pm10,12235064
10488,pm25,12235065
10488,relativehumidity,12235066
10488,so2,12235067
10488,temperature,12235068
10488,wind_direction,14340759
10488,wind_speed,14340760
10820,co,12236231
10820,no,12236232
10820,no2,12236233
10820,nox,14342029
10820,o3,12236234
10820,pm10,12236235
10820,pm25,12236236
10820,relativehumidity,12236237
10820,so2,12236238
10820,wind_direction,14342030
10820,wind_speed,14342031
10825,co,12236254
10825,no,12236255
10825,no2,12236256
10825,nox,14342035
10825,o3,12236257
10825,pm10,12236258
10825,pm25,12236259
10825,relativehumidity,12236260
10825,so2,12236261
10825,temperature,12236262
10825,wind_direction,14342036
10825,wind_speed,14342037
10831,co,12235087
10831,no,12235088
10831,no2,12235089
10831,nox,14340766
10831,o3,12235090
10831,pm10,12235091
10831,pm25,12235092
10831,relativehumidity,12235093
10831,so2,12235094
10831,temperature,12235095
10831,wind_direction,14340767
10831,wind_speed,14340768
10900,co,14516015
10900,no,14728527
10900,no2,14573420
10900,nox,14728528
10900,o3,12236249
10900,pm10,12236250
10900,pm25,12236251
10900,relativehumidity,12236252
10900,so2,14516016
10900,temperature,12236253
10900,wind_direction,14340983
10900,wind_speed,14340984
10908,co,12236240
10908,no,12236241
10908,no2,12236242
10908,nox,14342032
10908,o3,12236243
10908,pm10,12236244
10908,pm25,12236245
10908,relativehumidity,12236246
10908,so2,12236247
10908,temperature,12236248
10908,wind_direction,14342033
10908,wind_speed,14342034
10919,co,12235765
10919,no,12235766
10919,no2,12235767
10919,nox,14340905
10919,o3,12235768
10919,pm10,12235769
10919,pm25,12235770
10919,relativehumidity,12235771
10919,so2,12235772
10919,temperature,12235773
10919,wind_direction,14340906
10919,wind_speed,14340907
10920,co,12236222
10920,no,12236223
10920,no2,12236224
10920,nox,14342026
10920,o3,12236225
10920,pm10,12236226
10920,pm25,12236227
10920,relativehumidity,12236228
10920,so2,12236229
10920,temperature,12236230
10920,wind_direction,14342027
10920,wind_speed,14342028
10921,co,12235702
10921,no,12235703
10921,no2,12235704
10921,nox,14340885
10921,o3,12235705
10921,pm10,12235706
10921,pm25,12235707
11603,co,12236356
11603,no,12236357
11603,no2,12236358
11603,nox,14342050
11603,o3,12236359
11603,pm10,12236360
11603,pm25,12236361
11603,relativehumidity,12236362
11603,so2,12236363
11603,temperature,12236364
11603,wind_direction,14342051
11603,wind_speed,14342052
6148686,co,14769468
6148686,no,14769469
6148686,no2,14769470
6148686,nox,14769471
6148686,o3,14769472
6148686,pm10,14769473
6148686,pm25,14769474
6254594,co,15554202
6254594,no,15554203
6254594,no2,15554204
6254594,nox,15554205
6254594,o3,15554206
6254594,pm10,15554207
6254594,pm25,15554208
6254594,relativehumidity,15554209
6254594,so2,15554210
6254594,temperature,15554211
6254594,wind_direction,15554212
6254594,wind_speed,15554213
6254663,co,15554698
6254663,no,15554699
6254663,no2,15554700
6254663,nox,15554701
6254663,o3,15554702
6254663,pm10,15554703
6254663,pm25,15554704
6254663,relativehumidity,15554705
6254663,so2,15554706
6254663,temperature,15554707
6254663,wind_direction,15554708
6254663,wind_speed,15554709
6254664,co,15554710
6254664,no,15554711
6254664,no2,15554712
6254664,nox,15554713
6254664,o3,15554714
6254664,pm10,15554715
6254664,pm25,15554716
6254664,relativehumidity,15554717
6254664,so2,15554718
6254664,temperature,15554719
6254664,wind_direction,15554720
6254664,wind_speed,15554721
6254665,co,15554722
6254665,no,15554723
6254665,no2,15554724
6254665,nox,15554725
6254665,o3,15554726
6254665,pm10,15554727
6254665,pm25,15554728
6254665,relativehumidity,15554729
6254665,so2,15554730
6254665,temperature,15554731
6254665,wind_direction,15554732
6254665,wind_speed,15554733
6254666,co,15554734
6254666,no,15554735
6254666,no2,15554736
6254666,nox,15554737
6254666,o3,15554738
6254666,pm10,15554739
6254666,pm25,15554740
6254666,relativehumidity,15554741
6254666,so2,15554742
6254666,temperature,15554743
6254666,wind_direction,15554744
6254666,wind_speed,15554745
6257818,co,15578285
6257818,no,15578286
6257818,no2,15578287
6257818,nox,15578288
6257818,o3,15578289
6257818,pm10,15578290
6257818,pm25,15578291
6257818,relativehumidity,15578292
6257818,so2,15578293
6257818,temperature,15578294
6257818,wind_direction,15578295
6257818,wind_speed,15578296
6299494,co,15888912
6299494,no,15888913
6299494,no2,15888914
6299494,nox,15888915
6299494,o3,15888916
6299494,pm10,15888917
6299494,pm25,15888918
6299494,relativehumidity,15888919
6299494,so2,15888920
6299494,temperature,15888921
6299494,wind_direction,15888922
6299494,wind_speed,15888923
6299603,co,15889764
6299603,no,15889765
6299603,no2,15889766
6299603,nox,15889767
6299603,o3,15889768
6299603,pm10,15889769
6299603,pm25,15889770
6299603,relativehumidity,15889771
6299603,so2,15889772
6299603,temperature,15889773
6299603,wind_direction,15889774
6299603,wind_speed,15889775
6299678,co,15890335
6299678,no,15890336
6299678,no2,15890337
6299678,nox,15890338
6299678,o3,15890339
6299678,pm10,15890340
6299678,pm25,15890341
6299678,relativehumidity,15890342
6299678,so2,15890343
6299678,temperature,15890344
6299678,wind_direction,15890345
6299678,wind_speed,15890346
6311324,co,15978427
6311324,no,15978428
6311324,no2,15978429
6311324,nox,15978430
6311324,o3,15978431
6311324,pm10,15978432
6311324,pm25,15978433
6311324,relativehumidity,15978434
6311324,so2,15978435
6311324,temperature,15978436
6311324,wind_direction,15978437
6311324,wind_speed,15978438
6458520,co,17025416
6458520,no,17025417
6458520,no2,17025418
6458520,nox,17025419
6458520,o3,17025420
6458520,pm10,17025421
6458520,pm25,17025422
6458520,so2,17025423
